{
  "wm_mae": 0.7499095156968034,
  "baseline_mae": 0.07784642694185988,
  "wm_rmse": 1.173247627619849,
  "baseline_rmse": 0.22907882912128336,
  "wm_correlation": 0.3117450021421982,
  "baseline_correlation": 0.9737614450242121,
  "mae_improvement": -863.3191209365053,
  "correlation_improvement": -67.98548517861612
}