{
  "wm_mae": 0.6587213617146331,
  "baseline_mae": 0.04605020245471069,
  "wm_rmse": 0.8608898766014934,
  "baseline_rmse": 0.1570331671398415,
  "wm_correlation": 0.6294343101825332,
  "baseline_correlation": 0.9876702922090159,
  "mae_improvement": -1330.4418365206327,
  "correlation_improvement": -36.270806649985886
}