{
  "nu": 1.5000072354651965,
  "kappa": 1.0,
  "tau": 0.9999855291743103,
  "optimization_success": false,
  "optimization_message": "ABNORMAL: "
}